http://80.241.251.54:8080,GE,Unknown
http://8.219.97.248:80,ZZ,Unknown
http://203.19.38.114:1080,CN,
http://123.30.154.171:7777,VN,
http://154.65.39.7:80,SN,
http://31.148.207.153:80,UA,Unknown
http://103.216.50.11:8080,KH,Unknown
http://8.209.255.13:3128,JP,Tokyo
http://47.91.65.23:3128,DE,Unknown
http://122.116.125.115:8888,TW,Unknown
http://129.205.198.122:8080,BW,Unknown
http://154.73.28.253:8080,LY,Unknown
http://160.248.7.177:80,JP,Unknown
http://97.74.87.226:80,SG,Singapore
http://203.174.15.83:8080,ID,Unknown
http://93.171.157.249:8080,UA,Unknown
http://37.140.51.159:80,RU,Unknown
http://94.68.245.147:8080,GR,Unknown
http://103.106.112.166:1234,ID,Unknown
http://183.109.79.187:80,KR,Unknown
http://47.176.240.250:4228,US,Unknown
http://109.127.82.4:8085,IQ,Unknown
http://91.241.217.58:9090,UA,Unknown
http://83.168.74.163:8080,PL,Unknown
http://212.127.95.235:8081,PL,Unknown
http://109.95.220.45:8080,RU,Unknown
http://203.175.126.229:8080,ID,Unknown
http://154.117.154.194:8080,ZA,Unknown
http://139.135.141.12:8095,PH,Unknown
http://81.169.213.169:8888,ZZ,Unknown
http://200.114.81.219:8080,AR,Unknown
http://112.199.40.53:8080,PH,Unknown
http://31.10.83.158:8080,RU,Unknown
http://103.169.132.58:8085,ID,Unknown
http://79.110.200.27:8000,PL,Unknown
http://154.0.14.116:3128,ZA,Johannesburg
http://177.234.217.43:999,EC,Unknown
http://103.22.98.69:8080,ID,Unknown
http://38.194.246.34:999,US,
http://103.39.51.156:8089,ID,Unknown
http://163.61.55.103:1234,ID,Unknown
http://8.213.151.128:3128,SG,
http://47.243.92.199:3128,HK,Hong Kong
http://47.91.104.88:3128,AE,Dubai
http://136.228.160.250:8080,ZZ,Unknown
http://20.27.15.49:8561,JP,Tokyo
http://47.89.184.18:3128,US,
http://202.169.51.45:8080,ID,Unknown
http://103.156.14.26:8080,ID,Unknown
http://20.27.15.111:8561,JP,Tokyo
http://20.27.11.248:8561,JP,Unknown
http://103.178.86.86:8080,ID,Unknown
http://109.194.34.246:8082,RU,Unknown
http://5.102.109.41:999,MX,Unknown
http://62.255.223.195:8080,GB,Unknown
http://182.16.171.101:8080,ID,Unknown
http://45.136.198.40:3128,BG,Unknown
http://103.76.201.109:8080,ID,Unknown
http://45.168.236.54:3128,MX,Unknown
http://160.251.142.232:80,JP,
http://124.105.198.250:8080,PH,Unknown
http://45.4.202.170:999,EC,Unknown
http://45.70.236.194:999,EC,Unknown
http://102.213.216.98:8080,KE,Unknown
http://103.180.118.99:8044,ID,Unknown
http://103.171.245.111:1080,ID,Unknown
http://103.169.26.114:8080,ID,Unknown
http://103.172.35.40:8080,ID,Unknown
http://202.154.241.199:808,PK,Unknown
http://180.191.34.229:8081,PH,Unknown
http://180.191.2.16:8081,PH,Unknown
http://105.174.43.194:8080,AO,Unknown
http://222.252.144.246:8080,VN,Unknown
http://103.153.63.146:8080,ID,Unknown
http://103.138.185.81:83,IN,Unknown
http://106.0.168.138:8080,TH,Unknown
http://186.67.94.10:999,CL,Unknown
http://181.174.231.26:999,CO,Unknown
http://103.106.219.171:8081,ID,Unknown
http://188.132.221.189:8080,ZZ,Unknown
http://157.66.138.79:1080,ID,Unknown
http://87.239.31.42:80,RU,Unknown
http://58.216.109.14:800,CN,
http://103.193.144.99:8080,ID,Unknown
http://186.215.68.51:3127,BR,Unknown
http://103.105.76.10:3125,ID,Unknown
http://152.166.69.34:8080,DO,Unknown
http://103.153.62.155:8080,ID,Unknown
http://103.162.66.10:8080,IN,Unknown
http://160.119.228.146:12354,ZA,Unknown
http://103.156.75.124:1111,ID,Unknown
http://58.69.1.146:8082,PH,Unknown
http://113.176.92.71:3128,VN,Unknown
http://175.158.63.166:1111,ID,Unknown
http://38.52.208.49:999,GT,Unknown
http://103.122.1.26:8080,ID,Unknown
http://38.41.12.88:999,VE,Unknown
http://131.72.69.209:8080,BR,Unknown
http://103.148.62.1:8080,IN,Unknown
http://102.68.131.31:8080,LY,Unknown
http://206.62.64.34:8080,BR,Unknown
http://138.118.200.49:999,VE,Unknown
http://190.15.194.72:8080,AR,Unknown
http://92.86.207.198:8080,RO,Unknown
http://200.115.96.50:999,HN,Unknown
http://190.12.150.244:999,EC,Unknown
http://45.239.175.60:8080,BR,Unknown
http://20.210.76.104:8561,JP,Unknown
http://41.223.119.156:3128,ZM,Lusaka
http://181.78.49.177:999,GT,Unknown
http://66.210.33.34:8080,US,Unknown
http://103.197.47.42:8080,PK,Unknown
http://103.172.70.195:1111,ID,Unknown
http://157.66.50.147:8080,ID,Unknown
http://213.169.33.10:8001,BG,Unknown
http://103.239.41.117:8080,ID,Unknown
http://103.167.30.238:64999,ID,Unknown
http://103.156.16.227:8080,ID,Unknown
http://27.123.1.46:3128,ID,Unknown
http://182.160.110.154:9898,BD,Unknown
http://103.84.177.30:8083,PH,Unknown
http://203.76.98.21:45958,BD,Unknown
http://103.195.252.161:83,IN,Unknown
http://103.122.1.93:8181,ID,Unknown
http://103.190.60.25:9090,ID,Unknown
http://46.60.15.42:8082,ZZ,Unknown
http://200.70.35.2:8080,AR,Unknown
http://123.58.199.232:8168,VN,Unknown
http://212.67.31.235:8080,RU,Unknown
http://196.250.239.229:8787,ZA,Unknown
http://113.192.12.28:8181,ID,Unknown
http://192.203.0.118:999,PR,Unknown
http://187.190.127.212:8081,MX,Unknown
http://58.147.189.63:8081,ID,Unknown
http://185.135.99.14:8080,CY,Unknown
http://160.250.238.2:8080,ID,Unknown
http://197.221.234.253:80,ZW,Unknown
http://157.20.244.117:8821,ID,Unknown
http://180.190.187.41:5050,PH,Unknown
http://120.28.192.179:5050,PH,Unknown
http://52.188.28.218:3128,US,Unknown
http://103.247.23.239:8080,ID,Unknown
http://103.13.204.11:8090,ID,Unknown
http://177.234.194.31:999,EC,Unknown
http://217.29.208.206:9999,ZA,Unknown
http://36.92.199.158:8080,ID,Unknown
http://211.230.49.122:3128,ZZ,Unknown
http://102.0.8.23:8080,KE,Unknown
http://188.132.222.10:8080,ZZ,Unknown
http://103.158.62.186:8088,BD,Unknown
http://103.154.230.80:8090,ID,Unknown
http://177.234.217.235:999,EC,Unknown
http://177.10.145.24:8080,BR,Unknown
http://126.209.18.46:8082,PH,Unknown
http://181.78.44.63:999,HN,Unknown
http://103.68.214.129:1111,ID,Unknown
http://95.167.29.50:8080,RU,Unknown
http://187.190.114.57:999,MX,Unknown
http://103.153.62.245:8181,ID,Unknown
http://103.118.46.176:8080,KH,Unknown
http://46.47.197.210:3128,RU,Unknown
http://197.164.101.13:1976,EG,Unknown
http://103.158.155.99:8080,ID,Unknown
http://37.238.63.49:8080,IQ,Unknown
http://202.154.18.11:9091,ID,Unknown
http://185.14.68.68:8118,RU,Unknown
http://112.203.51.44:8082,PH,Unknown
http://45.124.15.90:8080,BD,Unknown
http://91.121.63.51:1080,FR,Unknown
http://45.174.241.173:999,MX,Unknown
http://103.189.197.79:8080,ID,Unknown
http://103.248.9.202:8097,ID,Unknown
http://103.224.65.89:8080,ID,Unknown
http://36.64.86.11:8080,ID,Unknown
http://49.156.44.117:8080,KH,Unknown
http://91.200.163.190:8088,RU,Unknown
http://45.186.6.104:3128,EC,Unknown
http://177.184.195.168:8080,BR,Unknown
http://103.81.64.89:8080,ID,Unknown
http://46.99.178.155:1339,ZZ,Unknown
http://177.234.217.83:999,EC,Unknown
http://177.234.217.238:999,EC,Unknown
http://201.184.128.170:8080,CO,Unknown
http://124.107.173.219:8082,PH,Unknown
http://217.52.247.73:1981,EG,Cairo
http://188.132.222.11:8080,ZZ,Unknown
http://103.239.23.133:3125,ID,Unknown
http://115.178.53.117:8080,ID,Unknown
http://103.184.67.115:8080,ID,Unknown
http://62.68.48.22:8080,LY,Unknown
http://186.250.202.104:8080,BR,Unknown
http://103.156.74.38:8080,ID,Unknown
http://203.177.220.122:8080,PH,Unknown
http://196.204.138.244:1976,EG,Unknown
http://160.25.174.47:8080,ID,Unknown
http://161.49.89.217:8081,PH,Unknown
http://113.192.1.66:8181,ID,Unknown
http://103.162.54.26:1111,ID,Unknown
http://103.249.19.173:10001,ID,Unknown
http://101.255.122.170:8080,ID,Unknown
http://103.72.89.116:8097,ID,Unknown
http://103.3.246.71:3128,VN,Unknown
http://222.127.68.126:8080,PH,Unknown
http://160.25.245.29:8082,ID,Unknown
http://103.126.87.125:8090,ID,Unknown
http://103.182.184.130:8080,ID,Unknown
http://202.47.185.182:8090,ID,Unknown
http://38.156.72.13:8080,ZZ,Unknown
http://103.180.123.103:8090,ID,Unknown
http://160.22.92.10:8080,ID,Unknown
http://177.234.217.234:999,EC,Unknown
http://79.110.200.148:8081,PL,Unknown
http://112.202.246.202:8181,PH,Unknown
http://157.10.192.4:8080,ID,Unknown
http://154.56.114.91:8082,PH,Unknown
http://165.101.231.50:8090,ID,Unknown
http://176.101.220.90:8090,UA,Unknown
http://183.110.216.128:8090,KR,Unknown
http://183.110.216.159:8090,KR,Unknown
http://200.59.186.177:999,VE,Unknown
http://213.73.25.230:8080,ZZ,Unknown
http://200.59.186.178:999,VE,Unknown
http://200.59.186.176:999,VE,Unknown
http://38.172.160.160:999,VE,Unknown
http://38.172.160.16:999,VE,Unknown
http://41.90.167.149:8082,KE,Unknown
http://113.192.31.206:8080,ID,Unknown
http://43.250.9.46:10088,HK,Unknown
http://58.69.120.117:8082,PH,Unknown
http://177.234.217.46:999,EC,Unknown
http://49.145.125.122:9999,PH,Unknown
http://213.33.98.123:8080,AT,Unknown
http://200.24.130.145:999,EC,Unknown
http://103.171.183.245:8097,ID,Unknown
http://200.24.130.146:999,EC,Unknown
http://200.24.130.149:999,EC,Unknown
http://8.243.196.49:999,EC,Unknown
http://181.129.185.130:999,CO,Unknown
http://103.154.230.86:8090,ID,Unknown
http://217.113.25.196:8080,AM,Unknown
http://148.224.58.230:8080,MX,Unknown
http://115.147.39.121:8181,PH,Unknown
http://51.81.6.158:3128,US,Unknown
http://195.93.172.32:3128,UA,Unknown
http://157.10.182.173:8080,ID,Unknown
http://37.238.63.39:8080,IQ,Unknown
http://45.225.207.183:999,CL,Unknown
http://45.177.178.23:999,MX,Unknown
http://23.190.168.41:80,US,Unknown
http://185.135.69.34:80,IQ,Unknown
http://212.114.194.73:80,DE,Unknown
http://200.24.159.230:8080,EC,Unknown
http://212.114.194.79:80,DE,Unknown
http://146.19.9.236:80,CA,Unknown
http://139.162.200.213:80,ZZ,Unknown
http://176.126.164.213:80,ZZ,Unknown
http://212.114.194.75:80,DE,Unknown
http://212.114.194.72:80,DE,Unknown
http://185.187.92.42:80,LB,Unknown
http://41.220.16.208:80,ZW,Unknown
http://103.125.31.222:80,ZZ,Unknown
http://27.34.242.98:80,ZZ,Unknown
http://197.221.234.149:80,ZW,Unknown
http://197.221.234.252:80,ZW,Unknown
http://41.220.16.209:80,ZW,Unknown
http://51.141.175.118:80,US,
http://193.53.127.169:80,ZZ,Unknown
http://40.89.145.14:80,FR,Paris
http://218.252.118.9:80,HK,
http://60.244.184.155:80,TW,Unknown
http://218.252.192.228:80,HK,Unknown
http://221.153.152.43:80,KR,Unknown
http://147.231.163.133:80,ZZ,Unknown
http://45.59.186.60:80,ZZ,Unknown
http://178.212.144.7:80,PL,Unknown
http://37.110.147.13:80,RU,Unknown
http://4.213.167.178:80,IN,Unknown
http://212.47.232.28:80,ZZ,Unknown
http://165.227.118.27:80,US,Unknown
http://196.1.97.198:80,ZZ,Unknown
http://34.44.49.215:80,ZZ,Unknown
http://197.221.240.246:80,ZW,Unknown
http://172.200.72.48:80,US,Boydton
http://219.249.37.107:80,KR,Unknown
http://211.250.42.219:80,KR,Unknown
http://123.205.71.210:80,TW,Unknown
http://174.136.204.40:80,ZZ,Unknown
http://59.103.34.162:8080,PK,Unknown
http://95.216.49.153:80,ZZ,Unknown
http://125.59.132.156:80,HK,
http://14.42.58.191:80,KR,Unknown
http://4.213.98.253:80,IN,Pune
http://112.119.43.57:80,HK,
http://74.176.195.135:80,JP,Tokyo
http://160.19.19.226:8080,ID,Unknown
http://119.192.157.20:80,KR,Unknown
http://182.155.200.61:80,TW,Unknown
http://48.210.225.96:80,JP,Tokyo
http://174.138.119.88:80,ZZ,Unknown
http://218.252.100.222:80,HK,Unknown
http://41.220.16.214:80,ZZ,Unknown
http://197.221.249.195:80,ZW,Unknown
http://50.203.147.155:80,US,Unknown
http://157.180.118.86:80,ZZ,Unknown
http://176.61.151.123:80,ZZ,Unknown
http://5.161.155.252:80,US,Ashburn
http://103.253.43.144:80,ZZ,Unknown
http://176.226.200.167:80,RU,Unknown
http://222.234.52.105:80,KR,Unknown
http://172.237.73.24:80,SG,Unknown
http://103.231.45.182:8080,IN,Unknown
http://37.79.248.25:80,RU,Unknown
http://172.193.178.226:80,ZZ,Unknown
http://95.179.242.209:80,DE,Unknown
http://58.69.194.136:8081,PH,Unknown
http://185.118.51.230:3128,AZ,Unknown
http://38.156.72.4:8080,ZZ,Unknown
http://170.84.147.206:8087,BR,Unknown
http://91.82.115.159:8080,HU,Unknown
http://186.96.109.210:999,CO,Unknown
http://103.154.230.94:8090,ID,Unknown
http://188.191.165.159:70,RU,Unknown
http://103.172.71.209:1080,ID,Unknown
http://95.66.138.21:8880,RU,Unknown
http://103.94.251.91:8085,ID,Unknown
http://196.219.64.252:8080,EG,Unknown
http://201.159.102.77:8081,MX,Unknown
http://112.198.130.142:8081,PH,Unknown
http://103.151.226.55:8080,ID,Unknown
http://103.165.247.34:8080,ID,Unknown
http://103.124.136.251:8080,ID,Unknown
http://38.60.196.214:80,ZZ,Unknown
http://128.199.1.8:3128,US,Unknown
http://38.156.72.51:8080,ZZ,Unknown
http://139.59.103.183:80,JP,Unknown
http://157.66.51.177:1111,ID,Unknown
http://212.114.194.76:80,ZZ,Unknown
http://103.122.64.212:8080,ID,Unknown
http://103.112.162.144:8080,ID,Unknown
http://162.245.85.36:80,ZZ,Unknown
http://162.223.90.144:80,ZZ,Unknown
http://221.153.92.39:80,KR,Unknown
http://103.193.144.5:8181,ID,Unknown
http://103.138.70.155:8080,ID,Unknown
http://117.18.20.102:8081,ID,Unknown
http://103.67.46.241:8080,ID,Unknown
http://116.171.106.15:3000,CN,
http://103.188.168.75:3125,ID,Unknown
http://103.147.134.115:8082,ID,Unknown
http://212.108.115.83:8080,GB,Unknown
http://84.252.70.94:8080,RU,Unknown
http://112.93.118.61:3128,CN,Foshan
http://103.104.15.184:8080,ID,Unknown
http://190.119.132.62:80,PE,Unknown
http://175.138.231.145:80,ZZ,Unknown
http://188.213.165.38:80,ZZ,Unknown
http://190.119.132.61:80,ZZ,Unknown
http://103.153.63.188:8080,ID,Unknown
http://103.157.78.118:7777,ID,Unknown
http://103.171.241.18:1000,ID,Unknown
http://103.159.249.145:8080,IN,Unknown
http://182.93.95.80:8080,NP,Unknown
http://123.200.6.205:2314,BD,Unknown
http://103.109.96.193:8080,BD,Unknown
http://203.115.101.61:82,IN,Unknown
http://203.115.101.58:82,IN,Unknown
http://180.191.233.16:8085,PH,Unknown
http://205.164.192.115:999,MX,Unknown
http://202.133.66.196:8181,ID,Unknown
http://197.221.235.122:80,ZW,Unknown
http://91.185.13.251:81,KZ,Unknown
http://107.150.52.100:80,US,Unknown
http://103.184.180.249:8097,ID,Unknown
http://103.251.232.40:8090,BD,Unknown
http://178.170.43.106:8081,FR,Unknown
http://157.15.144.102:1111,ID,Unknown
http://157.120.34.237:3128,JP,Unknown
http://187.102.219.34:999,AR,Unknown
http://154.19.38.169:8080,ID,Unknown
http://197.164.101.12:1976,EG,Unknown
http://222.252.97.26:8008,VN,Unknown
http://20.2.83.243:3128,HK,Unknown
http://186.96.160.219:999,MX,Unknown
http://103.81.158.137:8080,IN,Unknown
http://91.233.223.147:3128,RU,Unknown
http://190.60.59.181:999,CO,Unknown
http://118.193.37.241:3129,ZZ,Unknown
http://38.190.100.104:999,PE,Unknown
http://77.242.177.57:3128,IT,Unknown
http://58.216.109.17:800,CN,
http://79.110.202.131:8081,PL,Unknown
http://61.186.243.6:9002,CN,Unknown
http://213.131.85.30:1976,EG,Unknown
http://186.96.67.40:999,VE,Unknown
http://181.209.59.182:999,AR,Unknown
http://144.86.231.114:8080,IQ,Unknown
http://218.236.166.96:8888,KR,Unknown
http://154.236.191.49:1981,EG,Unknown
http://103.61.17.22:8080,ID,Unknown
http://38.211.76.201:999,CO,Unknown
http://103.172.70.173:8080,ID,Unknown
http://95.213.217.168:52004,RU,St Petersburg
http://43.225.151.30:20505,BD,Unknown
http://146.190.80.200:3128,SG,Unknown
http://103.154.146.58:8080,ID,Unknown
http://39.172.97.192:8060,CN,Unknown
http://8.217.147.173:8080,HK,Unknown
http://59.153.19.197:20909,BD,Unknown
http://46.161.6.165:8080,RU,St Petersburg
http://91.233.169.23:8081,RU,Unknown
http://179.0.183.182:999,AR,Unknown
http://168.138.202.218:3128,JP,Unknown
http://103.156.17.12:8818,ID,Unknown
http://65.21.201.149:8080,FI,Unknown
http://175.196.233.22:9090,KR,Unknown
http://212.108.115.102:8080,GB,Unknown
http://122.3.126.95:8081,PH,Unknown
http://181.78.44.243:999,HN,Unknown
http://190.97.230.146:999,VE,Unknown
http://46.29.162.166:80,ZZ,Unknown
http://65.20.237.105:8080,IQ,Unknown
http://103.170.137.9:8080,BD,Unknown
http://201.140.185.41:8081,MX,Unknown
http://8.212.153.179:443,PH,Unknown
http://186.96.73.181:999,VE,Unknown
http://31.40.204.250:80,ZZ,Unknown
http://181.79.92.28:999,CO,Unknown
http://103.238.232.98:8080,ID,Unknown
http://101.255.107.58:1111,ID,Unknown
http://165.101.230.77:8080,ID,Unknown
http://223.206.50.242:8080,TH,Unknown
http://121.101.130.136:8080,ID,Unknown
http://103.145.161.18:8080,ID,Unknown
http://103.179.252.137:8181,ID,Unknown
http://103.160.68.95:8097,ID,Unknown
http://34.14.143.185:3128,ZZ,Unknown
http://38.156.15.156:999,MX,Unknown
http://202.5.56.227:11726,BD,Unknown
http://181.78.194.249:999,EC,Unknown
http://45.174.56.21:999,MX,Unknown
http://103.253.145.138:6980,ZZ,Unknown
http://170.84.145.76:8088,BR,Unknown
http://157.230.38.173:3128,SG,Unknown
http://49.156.22.70:8082,ID,Unknown
http://204.199.140.27:999,CL,Unknown
http://185.162.60.45:8080,HU,Unknown
http://201.150.116.32:999,MX,Unknown
http://115.231.181.40:8128,CN,
http://207.230.8.65:999,CO,Unknown
http://36.95.176.38:8080,ID,Unknown
http://138.118.106.237:999,GT,Unknown
http://154.236.177.103:1977,EG,Unknown
http://138.0.228.122:8080,HN,Unknown
http://154.236.177.103:1976,EG,Unknown
http://136.169.93.57:80,LV,Unknown
http://203.95.196.29:8080,KH,Unknown
http://222.102.86.137:3028,KR,Unknown
http://175.215.60.67:3008,KR,Unknown
http://218.152.206.92:10080,ZZ,Unknown
http://161.248.226.7:80,ID,Unknown
http://38.191.214.251:999,CO,Unknown
http://175.215.145.203:3040,KR,Unknown
http://203.190.117.221:8123,ID,Unknown
http://190.14.231.47:999,CO,Unknown
http://160.20.38.90:8089,ID,Unknown
http://209.14.115.221:999,CO,Unknown
http://38.191.193.203:999,CO,Unknown
http://184.57.87.36:80,US,Unknown
http://103.154.230.246:8090,ID,Unknown
http://112.168.176.130:3128,KR,Unknown
http://201.157.235.197:8080,BR,Unknown
http://1.20.184.214:8080,TH,Unknown
http://195.62.50.39:8080,ZZ,Unknown
http://38.121.212.98:8080,VE,Unknown
http://202.53.172.75:1127,BD,Unknown
http://8.215.43.202:7777,ZZ,Unknown
http://177.71.224.87:3128,ZZ,Unknown
http://8.215.85.201:7777,ID,Unknown
http://8.220.149.222:8080,PH,Unknown
http://94.177.131.33:3128,JP,Unknown
http://157.15.124.252:3128,ID,Unknown
http://94.177.131.12:3128,JP,Unknown
http://18.219.243.198:3128,US,Unknown
http://103.85.53.56:7777,ID,Unknown
http://49.151.185.52:8082,PH,Unknown
http://112.109.19.10:7777,ID,Unknown
http://14.143.222.113:26705,IN,Unknown
http://27.147.248.57:7735,BD,Unknown
http://103.156.14.155:3125,ID,Unknown
http://196.251.131.88:8080,ZA,Unknown
http://177.247.38.86:999,MX,Unknown
http://8.215.88.250:7777,ID,Unknown
http://167.249.52.218:999,AR,Unknown
http://190.237.238.246:999,PE,Unknown
http://103.247.82.36:8085,ID,Unknown
http://164.77.40.112:8080,CL,Unknown
http://181.209.96.156:999,AR,Unknown
http://103.180.119.77:8090,ID,Unknown
http://124.217.64.91:8082,PH,Unknown
http://149.86.139.166:8085,ZZ,Unknown
http://124.121.109.236:8080,TH,Unknown
http://103.118.44.151:8080,KH,Unknown
http://101.66.195.227:8085,CN,Unknown
http://212.110.188.210:34408,GB,Unknown
http://156.146.56.231:8081,ZZ,Unknown
http://185.191.212.40:8081,KZ,Unknown
http://151.245.215.17:3128,AE,Unknown
http://212.110.188.201:34408,GB,Unknown
http://47.251.110.68:3128,US,Unknown
http://8.215.88.68:7777,ID,Unknown
http://67.43.236.20:30147,BR,Unknown
http://203.95.196.66:8080,KH,Unknown
http://118.70.22.127:10005,VN,Unknown
http://203.95.196.171:8080,KH,Unknown
http://156.146.56.231:8082,SG,Unknown
http://202.47.185.178:8085,ID,Jakarta
http://103.180.119.146:8090,ID,Unknown
http://103.180.119.166:8090,ID,Unknown
http://67.43.228.250:15487,IN,Unknown
http://108.162.195.101:80,US,
http://172.67.123.70:80,US,
http://185.170.166.82:80,GB,
http://185.238.228.180:80,ES,
http://141.101.120.182:80,ZZ,
http://45.85.119.241:80,RO,
http://173.245.49.62:80,FR,Paris
http://185.162.230.87:80,AM,
http://45.131.6.163:80,NL,
http://103.21.244.74:80,US,Ashburn
http://103.21.244.211:80,US,Ashburn
http://164.38.155.58:80,GB,
http://173.245.49.132:80,FR,Paris
http://172.64.149.20:80,US,
http://172.67.254.254:80,US,
http://23.227.39.89:80,CA,
http://103.21.244.90:80,US,Ashburn
http://103.21.244.162:80,US,Ashburn
http://103.21.244.136:80,US,Ashburn
http://103.21.244.239:80,US,Ashburn
http://45.12.31.86:80,RO,
http://45.12.31.115:80,RO,
http://173.245.49.90:80,FR,Paris
http://45.12.30.157:80,RO,
http://103.21.244.5:80,US,Ashburn
http://173.245.49.2:80,FR,Paris
http://188.114.97.197:80,ZZ,
http://45.131.5.193:80,NL,
http://113.204.79.230:9091,CN,
http://172.64.40.169:80,ZZ,
http://173.245.49.200:80,FR,Paris
http://141.193.213.165:80,US,
http://103.21.244.174:80,US,Ashburn
http://103.21.244.113:80,US,Ashburn
http://103.21.244.109:80,US,Ashburn
http://103.21.244.228:80,US,Ashburn
http://103.21.244.227:80,US,Ashburn
http://172.67.167.170:80,US,
http://103.21.244.15:80,US,Ashburn
http://45.131.6.249:80,NL,
http://185.238.228.252:80,ES,
http://185.162.229.42:80,AM,
http://172.67.180.89:80,ZZ,
http://66.235.200.86:80,US,
http://66.235.200.232:80,US,
http://23.227.39.203:80,CA,Ottawa
http://173.245.49.209:80,FR,Paris
http://66.235.200.76:80,US,
http://141.101.122.137:80,ZZ,
http://103.21.244.195:80,US,Ashburn
http://103.21.244.130:80,US,Ashburn
http://173.245.49.89:80,FR,Paris
http://103.21.244.14:80,US,Ashburn
http://103.21.244.80:80,US,Ashburn
http://103.21.244.69:80,US,Ashburn
http://103.21.244.58:80,US,Ashburn
http://103.21.244.191:80,US,Ashburn
http://103.21.244.168:80,US,Ashburn
http://103.21.244.122:80,US,Ashburn
http://103.21.244.111:80,US,Ashburn
http://103.21.244.36:80,US,Ashburn
http://172.64.40.184:80,US,
http://45.131.7.214:80,NL,
http://185.162.229.179:80,AM,
http://190.242.157.215:8080,CO,Cali
http://45.150.65.34:60000,US,Secaucus
http://12.50.107.219:80,US,Jacksonville
http://45.131.210.73:80,NL,
http://66.235.200.166:80,US,
http://103.21.244.38:80,US,Ashburn
http://173.245.49.41:80,FR,Paris
http://59.6.25.118:3128,KR,Jungnang-gu
http://103.21.244.44:80,US,Ashburn
http://103.21.244.126:80,US,Ashburn
http://103.21.244.220:80,US,Ashburn
http://103.21.244.208:80,US,Ashburn
http://173.245.49.52:80,FR,Paris
http://45.85.119.153:80,RO,
http://45.12.30.0:80,RO,
http://185.162.229.74:80,AM,
http://103.21.244.214:80,US,Ashburn
http://103.21.244.59:80,US,Ashburn
http://141.101.122.57:80,ZZ,
http://196.1.93.10:80,SN,Dakar
http://135.125.174.192:80,FR,
http://202.133.88.173:80,FR,Paris
http://36.138.53.26:10019,CN,
http://96.113.159.162:80,US,
http://61.158.175.38:9002,CN,Shangqiu
http://173.245.49.185:80,FR,Paris
http://173.245.49.183:80,FR,Paris
http://66.235.200.249:80,US,
http://103.21.244.41:80,US,Ashburn
http://103.21.244.154:80,US,Ashburn
http://185.238.228.61:80,ES,
http://185.162.230.85:80,AM,
http://154.65.39.8:80,SN,
http://170.114.46.6:80,US,
http://172.64.90.149:80,US,
http://172.67.183.255:80,US,
http://103.153.149.140:8181,ID,
http://89.58.57.45:80,ZZ,Unknown
http://141.193.213.21:80,US,
http://172.64.33.73:80,ZZ,
http://185.162.231.88:80,AM,
http://181.57.183.26:8080,CO,Bogot?
http://165.227.5.10:8888,US,Santa Clara
http://5.161.103.41:88,US,
http://32.223.6.94:80,ZZ,Unknown
http://213.33.126.130:80,ZZ,Unknown
http://65.1.148.157:80,IN,Mumbai
http://172.67.135.12:80,ZZ,
http://172.67.71.68:80,US,
http://103.21.244.176:80,US,Ashburn
http://45.12.31.127:80,RO,
http://69.84.182.0:80,US,
http://66.235.200.9:80,US,
http://103.21.244.134:80,US,Ashburn
http://173.245.49.61:80,FR,Paris
http://12.50.107.221:80,US,Jacksonville
http://173.245.49.64:80,FR,Paris
http://172.67.211.21:80,ZZ,
http://172.67.196.202:80,US,
http://141.193.213.147:80,US,
http://172.67.70.109:80,US,
http://141.101.123.150:80,ZZ,
http://154.83.2.208:80,SC,
http://141.101.121.94:80,ZZ,
http://141.101.120.3:80,ZZ,
http://185.162.228.93:80,AM,
http://45.12.31.207:80,RO,
http://45.12.31.220:80,RO,
http://36.138.53.26:10017,CN,
http://47.56.110.204:8989,HK,Central
http://154.17.228.122:80,ZZ,Unknown
http://116.171.106.78:3000,CN,
http://141.101.120.19:80,ZZ,
http://173.245.49.198:80,FR,Paris
http://159.112.235.93:80,US,
http://45.131.7.203:80,NL,
http://103.21.244.12:80,US,Ashburn
http://141.101.90.106:80,ZZ,
http://103.21.244.183:80,US,Ashburn
http://173.245.49.189:80,FR,Paris
http://159.112.235.174:80,US,
http://103.21.244.140:80,US,Ashburn
http://45.131.208.11:80,NL,
http://172.65.90.2:80,ZZ,
http://172.67.216.140:80,US,
http://172.67.192.11:80,US,
http://173.245.49.237:80,FR,Paris
http://66.235.200.121:80,US,
http://159.112.235.207:80,US,
http://45.131.6.120:80,NL,
http://172.64.149.84:80,US,
http://141.101.123.196:80,ZZ,
http://103.21.244.197:80,US,Ashburn
http://103.21.244.129:80,US,Ashburn
http://185.162.228.143:80,AM,
http://45.12.30.233:80,RO,
http://199.34.228.76:80,US,
http://103.21.244.98:80,US,Ashburn
http://159.112.235.102:80,US,
http://185.162.230.37:80,AM,
http://13.230.34.30:80,JP,Tokyo
http://45.131.6.197:80,NL,
http://173.245.49.210:80,FR,Paris
http://45.131.4.62:80,NL,
http://103.21.244.203:80,US,Ashburn
http://185.238.228.122:80,ES,
http://185.162.231.100:80,AM,
http://103.21.244.34:80,US,Ashburn
http://103.21.244.238:80,US,Ashburn
http://173.245.49.8:80,FR,Paris
http://189.202.188.149:80,MX,Kanas?n
http://173.245.58.158:80,ZZ,
http://103.21.244.53:80,US,Ashburn
http://141.193.213.14:80,US,
http://185.162.230.135:80,AM,
http://141.193.213.253:80,US,
http://172.67.167.22:80,US,
http://45.12.31.217:80,RO,
http://185.162.231.96:80,AM,
http://187.49.176.141:8080,BR,Fortaleza
http://93.127.163.52:80,ZZ,Unknown
http://173.245.49.118:80,FR,Paris
http://63.141.128.155:80,US,
http://173.245.49.187:80,FR,Paris
http://195.114.209.50:80,ES,
http://4.195.16.140:80,ZZ,Unknown
http://45.182.176.38:9947,BR,S?o Paulo
http://188.114.96.255:80,NL,Amsterdam
http://216.229.112.25:8080,ZZ,Unknown
http://113.108.13.120:8083,CN,
http://221.231.13.198:1080,CN,
http://89.116.88.19:80,ZZ,Unknown
http://103.21.244.87:80,US,Ashburn
http://103.21.244.196:80,US,Ashburn
http://103.21.244.9:80,US,Ashburn
http://173.245.49.206:80,FR,Paris
http://173.245.49.55:80,FR,Paris
http://210.223.44.230:3128,ZZ,Unknown
http://103.21.244.85:80,US,Ashburn
http://103.21.244.27:80,US,Ashburn
http://173.245.49.221:80,FR,Paris
http://173.245.49.194:80,FR,Paris
http://173.245.49.134:80,FR,Paris
http://185.238.228.74:80,ES,
http://63.141.128.0:80,US,
http://45.12.30.7:80,RO,
http://172.67.221.168:80,US,
http://103.21.244.165:80,US,Ashburn
http://103.21.244.241:80,US,Ashburn
http://45.12.31.238:80,RO,
http://45.88.0.113:3128,VG,
http://34.96.238.40:8080,HK,Hong Kong
http://41.191.203.163:80,LS,Maseru
http://41.191.203.162:80,LS,Maseru
http://172.64.78.163:80,ZZ,
http://45.131.7.62:80,NL,
http://173.245.49.153:80,FR,Paris
http://103.21.244.43:80,US,Ashburn
http://103.21.244.145:80,US,Ashburn
http://23.227.38.211:80,CA,
http://46.254.92.82:80,RU,
http://103.76.107.23:8181,ID,Patuk
http://16.63.207.85:80,CH,Zurich
http://141.101.122.27:80,ZZ,
http://103.21.244.81:80,US,Ashburn
http://185.162.228.114:80,AM,
http://45.12.31.183:80,RO,
http://103.21.244.10:80,US,Ashburn
http://103.21.244.144:80,US,Ashburn
http://103.21.244.139:80,US,Ashburn
http://103.21.244.224:80,US,Ashburn
http://172.67.179.202:80,US,
http://103.21.244.31:80,US,Ashburn
http://18.216.55.100:80,US,Columbus
http://173.245.49.251:80,FR,Paris
http://173.245.49.211:80,FR,Paris
http://172.64.149.22:80,US,
http://103.21.244.72:80,US,Ashburn
http://103.21.244.106:80,US,Ashburn
http://103.21.244.233:80,US,Ashburn
http://103.21.244.213:80,US,Ashburn
http://141.193.213.9:80,US,
http://141.193.213.83:80,US,
http://103.21.244.8:80,US,Ashburn
http://45.131.7.221:80,NL,
http://141.193.213.126:80,US,
http://185.238.228.213:80,ES,
http://120.92.211.211:7890,CN,
http://154.16.146.48:80,US,Denver
http://120.132.52.172:8888,CN,
http://183.215.23.242:9091,CN,Changsha
http://203.99.240.179:80,JP,
http://172.65.90.3:80,ZZ,
http://173.245.49.222:80,FR,Paris
http://173.245.49.219:80,FR,Paris
http://173.245.49.163:80,FR,Paris
http://185.162.229.225:80,AM,
http://103.21.244.29:80,US,Ashburn
http://173.245.49.42:80,FR,Paris
http://173.245.49.102:80,FR,Paris
http://192.73.244.36:80,ZZ,Unknown
http://188.40.57.101:80,ZZ,Unknown
http://203.99.240.182:80,JP,
http://124.108.6.20:8085,ZZ,Unknown
http://50.122.86.118:80,ZZ,Unknown
http://190.58.248.86:80,ZZ,Unknown
http://115.127.31.66:8080,BD,Dhaka
http://213.143.113.82:80,ZZ,Unknown
http://62.99.138.162:80,ZZ,Unknown
http://45.131.5.175:80,NL,
http://108.162.193.160:80,ZZ,
http://172.66.44.60:80,US,
http://173.245.49.180:80,FR,Paris
http://63.141.128.55:80,US,
http://172.67.70.143:80,US,
http://45.131.5.131:80,NL,
http://31.43.179.245:80,KZ,
http://31.43.179.225:80,KZ,
http://172.67.181.146:80,US,
http://211.128.96.206:80,ZZ,
http://172.64.152.97:80,ZZ,
http://172.67.195.65:80,US,
http://172.67.170.4:80,US,
http://172.67.180.49:80,US,
http://45.131.6.237:80,NL,
http://31.43.179.246:80,KZ,
http://194.150.110.134:80,DK,
http://111.79.111.126:3128,CN,
http://49.4.117.146:3128,CN,Beijing
http://103.21.244.215:80,US,Ashburn
http://172.64.78.69:80,ZZ,
http://103.21.244.146:80,US,Ashburn
http://103.21.244.218:80,US,Ashburn
http://200.59.186.179:999,VE,
http://103.178.2.127:8080,ID,
http://117.54.114.101:80,ID,Jakarta
http://172.67.167.41:80,US,
http://141.101.121.45:80,ZZ,
http://103.21.244.91:80,US,Ashburn
http://172.67.161.234:80,US,
http://159.112.235.120:80,US,
http://185.162.230.30:80,AM,
http://63.141.128.211:80,US,
http://185.162.229.107:80,AM,
http://40.177.65.8:80,CA,Calgary
http://188.114.99.165:80,ZZ,
http://141.193.213.200:80,US,
http://45.12.30.62:80,RO,
http://185.162.229.163:80,AM,
http://45.12.31.192:80,RO,
http://173.245.49.157:80,FR,Paris
http://103.21.244.119:80,US,Ashburn
http://103.21.244.63:80,US,Ashburn
http://173.245.49.6:80,FR,Paris
http://141.101.123.63:80,ZZ,
http://172.67.181.68:80,US,
http://141.193.213.87:80,US,
http://159.112.235.132:80,US,
http://173.245.49.156:80,FR,Paris
http://185.162.228.26:80,AM,
http://45.131.7.9:80,NL,
http://45.131.7.235:80,NL,
http://45.131.7.73:80,NL,
http://45.131.7.79:80,NL,
http://173.245.49.214:80,FR,Paris
http://45.131.5.36:80,NL,
http://101.47.73.135:3128,HK,Hong Kong
http://173.245.49.123:80,FR,Paris
http://45.131.4.152:80,NL,
http://173.245.49.12:80,FR,Paris
http://103.21.244.51:80,US,Ashburn
http://185.162.230.149:80,AM,
http://185.162.231.222:80,AM,
http://172.67.212.208:80,US,
http://172.67.70.48:80,US,
http://141.101.121.182:80,ZZ,
http://188.114.97.13:80,NL,Amsterdam
http://45.131.4.233:80,NL,
http://141.101.122.174:80,ZZ,
http://141.193.213.34:80,US,
http://185.162.230.53:80,AM,
http://159.112.235.194:80,US,
http://103.21.244.37:80,US,Ashburn
http://63.141.128.83:80,US,
http://66.235.200.114:80,US,
http://20.78.26.206:8561,JP,Tokyo
http://45.85.118.196:80,RO,
http://52.229.30.3:80,US,
http://159.112.235.23:80,US,
http://108.162.193.112:80,ZZ,
http://103.21.244.198:80,US,Ashburn
http://172.67.75.176:80,US,
http://45.131.6.245:80,NL,
http://185.238.228.58:80,ES,
http://120.92.212.16:8890,CN,
http://173.245.49.74:80,FR,Paris
http://172.65.90.1:80,ZZ,
http://172.65.90.0:80,ZZ,
http://172.64.78.34:80,ZZ,
http://103.21.244.42:80,US,Ashburn
http://103.21.244.39:80,US,Ashburn
http://103.21.244.102:80,US,Ashburn
http://173.245.49.29:80,FR,Paris
http://141.193.213.45:80,US,
http://31.43.179.110:80,KZ,
http://172.67.157.208:80,ZZ,
http://172.67.72.14:80,US,
http://45.131.4.133:80,NL,
http://172.67.82.139:80,US,
http://141.101.123.190:80,ZZ,
http://185.238.228.199:80,ES,
http://141.193.213.184:80,US,
http://141.193.213.93:80,US,
http://66.235.200.69:80,US,
http://103.21.244.160:80,US,Ashburn
http://185.162.228.159:80,AM,
http://172.67.142.11:80,ZZ,
http://45.85.119.143:80,RO,
http://172.67.154.177:80,US,
http://103.21.244.68:80,US,Ashburn
http://103.21.244.152:80,US,Ashburn
http://173.245.49.81:80,FR,Paris
http://173.245.49.80:80,FR,Paris
http://172.67.181.202:80,US,
http://172.67.212.31:80,US,
http://172.64.78.198:80,ZZ,
http://45.131.208.19:80,NL,
http://188.114.96.1:80,US,
http://185.162.228.70:80,AM,
http://45.131.5.97:80,NL,
http://45.12.31.104:80,RO,
http://190.93.246.26:80,CR,
http://188.114.96.29:80,NL,Amsterdam
http://172.67.97.27:80,US,
http://185.162.228.46:80,AM,
http://103.21.244.77:80,US,Ashburn
http://103.21.244.56:80,US,Ashburn
http://103.21.244.209:80,US,Ashburn
http://172.67.70.238:80,US,
http://173.245.49.97:80,FR,Paris
http://45.131.7.232:80,NL,
http://172.67.188.9:80,US,
http://173.245.49.83:80,FR,Paris
http://173.245.49.201:80,FR,Paris
http://31.43.179.186:80,KZ,
http://172.67.170.2:80,US,
http://173.245.49.1:80,FR,Paris
http://103.21.244.101:80,US,Ashburn
http://45.12.31.193:80,RO,
http://103.21.244.6:80,US,Ashburn
http://172.67.161.196:80,US,
http://31.43.179.253:80,KZ,
http://94.183.188.7:6891,FR,Paris
http://172.67.161.91:80,US,
http://173.245.49.202:80,FR,Paris
http://23.227.39.115:80,CA,Ottawa
http://103.21.244.248:80,US,Ashburn
http://185.162.228.235:80,AM,
http://160.153.0.5:80,NL,Amsterdam
http://141.101.120.55:80,ZZ,
http://173.245.49.40:80,FR,Paris
http://103.21.244.143:80,US,Ashburn
http://103.21.244.141:80,US,Ashburn
http://172.67.162.180:80,US,
http://172.67.167.194:80,US,
http://103.21.244.226:80,US,Ashburn
http://172.67.170.23:80,US,
http://31.43.179.76:80,KZ,
http://173.245.49.14:80,FR,Paris
http://141.193.213.208:80,US,
http://45.131.208.87:80,NL,
http://45.131.4.95:80,NL,
http://185.162.228.32:80,AM,
http://172.67.94.199:80,US,
http://103.21.244.52:80,US,Ashburn
http://103.21.244.66:80,US,Ashburn
http://45.12.31.40:80,RO,
http://172.67.177.69:80,US,
http://172.67.165.152:80,US,
http://172.67.181.33:80,US,
http://141.101.90.109:80,ZZ,
http://206.238.237.254:80,SG,Singapore
http://172.64.153.186:80,US,San Francisco
http://172.67.165.148:80,US,
http://103.21.244.170:80,US,Ashburn
http://172.67.201.154:80,US,
http://172.67.182.25:80,US,
http://172.67.181.129:80,US,
http://45.131.7.174:80,NL,
http://185.170.166.107:80,GB,
http://173.245.49.235:80,FR,Paris
http://103.21.244.60:80,US,Ashburn
http://103.21.244.172:80,US,Ashburn
http://141.193.213.203:80,US,
http://141.193.213.233:80,US,
http://103.21.244.159:80,US,Ashburn
http://103.21.244.182:80,US,
http://173.245.49.148:80,FR,Paris
http://103.21.244.155:80,US,Ashburn
http://63.141.128.250:80,US,
http://103.21.244.32:80,US,Ashburn
http://103.155.116.231:8085,ID,
http://172.67.70.117:80,US,
http://103.21.244.184:80,US,Ashburn
http://185.238.228.221:80,ES,
http://172.67.182.149:80,US,
http://172.67.182.5:80,US,
http://141.193.213.10:80,US,
http://45.131.5.145:80,NL,
http://103.21.244.108:80,US,Ashburn
http://45.12.30.241:80,RO,
http://35.174.151.247:80,US,Ashburn
http://103.21.244.57:80,US,Ashburn
http://103.21.244.178:80,US,Ashburn
http://45.131.4.79:80,NL,
http://185.162.230.187:80,AM,
http://120.92.212.16:7890,CN,
http://172.67.70.183:80,US,
http://141.101.120.118:80,ZZ,
http://188.114.97.92:80,NL,Amsterdam
http://173.245.49.22:80,FR,Paris
http://185.238.228.147:80,ES,
http://185.162.228.167:80,AM,
http://185.162.229.137:80,AM,
http://8.219.77.141:80,SG,
http://34.194.41.221:80,US,Ashburn
http://172.64.78.193:80,ZZ,
http://45.131.4.122:80,NL,
http://172.65.90.46:80,ZZ,
http://172.64.78.71:80,ZZ,
http://45.131.4.109:80,NL,
http://185.238.228.157:80,ES,
http://103.21.244.116:80,US,Ashburn
http://41.191.203.160:80,ZZ,Unknown
http://185.238.228.33:80,ES,
http://8.211.42.167:8000,ZZ,Unknown
http://8.212.177.126:8080,ZZ,Unknown
http://8.213.222.247:8080,ZZ,Unknown
http://8.220.188.140:80,ZZ,Unknown
http://20.44.206.138:80,ZZ,Unknown
http://20.81.205.173:80,ZZ,Unknown
http://20.210.113.32:8123,ZZ,Unknown
http://23.247.136.254:80,ZZ,Unknown
http://27.147.137.234:9108,ZZ,Unknown
http://31.220.78.244:80,ZZ,Unknown
http://34.80.202.6:3128,ZZ,Unknown
http://35.72.90.28:1080,ZZ,Unknown
http://35.76.216.108:1080,ZZ,Unknown
http://35.194.228.247:3128,ZZ,Unknown
http://35.221.177.183:1080,ZZ,Unknown
http://39.109.113.97:4090,ZZ,Unknown
http://41.191.203.161:80,ZZ,Unknown
http://41.220.16.215:80,ZZ,Unknown
http://45.166.93.113:999,ZZ,Unknown
http://47.74.157.194:80,ZZ,Unknown
http://64.225.4.85:9997,ZZ,Unknown
http://64.225.8.115:9994,ZZ,Unknown
http://71.19.249.97:8443,ZZ,Unknown
http://82.180.132.69:80,ZZ,Unknown
http://89.22.237.70:80,ZZ,Unknown
http://91.109.204.213:80,ZZ,Unknown
http://102.223.9.53:80,ZZ,Unknown
http://103.87.149.14:80,ZZ,Unknown
http://109.107.181.151:51553,ZZ,Unknown
http://116.130.233.22:3129,ZZ,Unknown
http://117.251.103.186:8080,ZZ,Unknown
http://123.126.158.50:80,ZZ,Unknown
http://127.0.0.7:80,ZZ,Unknown
http://128.140.118.165:1080,ZZ,Unknown
http://139.99.237.62:80,ZZ,Unknown
http://141.11.210.35:1080,ZZ,Unknown
http://143.42.66.91:80,ZZ,Unknown
http://154.61.76.24:8083,ZZ,Unknown
http://154.64.230.253:19999,ZZ,Unknown
http://176.34.40.50:1080,ZZ,Unknown
http://178.170.43.129:8082,ZZ,Unknown
http://181.143.143.125:999,ZZ,Unknown
http://185.85.111.18:80,ZZ,Unknown
http://185.200.119.90:8443,ZZ,Unknown
http://193.47.60.119:52681,ZZ,Unknown
http://194.158.203.14:80,ZZ,Unknown
http://195.35.2.231:80,ZZ,Unknown
http://197.255.125.12:80,ZZ,Unknown
http://200.33.20.25:80,ZZ,Unknown
http://201.174.175.82:999,ZZ,Unknown
http://209.135.168.41:80,ZZ,Unknown
http://212.23.175.80:8443,ZZ,Unknown
http://212.114.194.74:80,ZZ,Unknown
http://213.157.6.50:80,ZZ,Unknown
http://217.217.254.94:80,ZZ,Unknown
http://219.65.73.81:80,ZZ,Unknown
http://219.93.101.60:80,ZZ,Unknown
http://219.93.101.62:80,ZZ,Unknown
http://219.93.101.63:80,ZZ,Unknown
http://16.163.88.228:80,ZZ,Unknown
http://35.185.254.159:80,ZZ,Unknown
http://35.189.183.169:3128,ZZ,Unknown
http://47.100.207.117:8080,ZZ,Unknown
http://47.242.3.214:8081,ZZ,Unknown
http://64.225.8.179:10000,ZZ,Unknown
http://82.69.16.184:80,ZZ,Unknown
http://103.147.182.36:80,ZZ,Unknown
http://103.149.130.38:80,ZZ,Unknown
http://103.157.219.4:80,ZZ,Unknown
http://103.163.51.254:80,ZZ,Unknown
http://103.170.185.226:80,ZZ,Unknown
http://103.210.57.243:80,ZZ,Unknown
http://104.199.219.13:3128,ZZ,Unknown
http://115.239.234.43:7302,ZZ,Unknown
http://122.175.58.131:80,ZZ,Unknown
http://128.199.202.122:8080,ZZ,Unknown
http://134.209.29.120:3128,ZZ,Unknown
http://138.68.60.8:3128,ZZ,Unknown
http://139.59.1.14:8080,ZZ,Unknown
http://159.203.61.169:3128,ZZ,Unknown
http://163.181.123.54:8080,ZZ,Unknown
http://167.71.5.83:3128,ZZ,Unknown
http://198.199.86.11:3128,ZZ,Unknown
http://201.182.251.140:999,ZZ,Unknown
http://203.85.120.69:8080,ZZ,Unknown
http://209.97.150.167:3128,ZZ,Unknown
http://220.67.2.2:80,ZZ,Unknown
http://221.226.109.229:7302,ZZ,Unknown